<DATE>	<OPEN>	<HIGH>	<LOW>	<CLOSE>	<TICKVOL>	<VOL>	<SPREAD>
2017.01.02	1.05100	1.05275	1.04480	1.04519	72920	62314105000	0
2017.01.03	1.04524	1.04898	1.03399	1.04044	139335	124695935000	7
2017.01.04	1.04044	1.04996	1.03895	1.04871	138590	120546394000	7
2017.01.05	1.04871	1.06149	1.04804	1.06055	170836	140005294000	7
2017.01.06	1.06005	1.06207	1.05235	1.05235	146008	118344198000	0
2017.01.09	1.05292	1.05826	1.05104	1.05723	125800	100548237000	0
2017.01.10	1.05718	1.06268	1.05506	1.05534	147523	114947119000	0
2017.01.11	1.05530	1.06226	1.04534	1.05818	180859	147089506000	0
2017.01.12	1.05818	1.06844	1.05710	1.06109	180739	138775694000	0
2017.01.13	1.06104	1.06730	1.05959	1.06420	140972	104055477000	7
2017.01.16	1.06023	1.06355	1.05789	1.05946	117923	93007350000	0
2017.01.17	1.05946	1.07190	1.05893	1.07120	171611	135952192000	0
2017.01.18	1.07111	1.07150	1.06278	1.06286	145054	119681807000	0
2017.01.19	1.06288	1.06763	1.05888	1.06627	167230	135222494000	0
2017.01.20	1.06610	1.07090	1.06248	1.06982	161072	144331742000	7
2017.01.23	1.07004	1.07688	1.06930	1.07631	156981	133345462000	0
2017.01.24	1.07643	1.07745	1.07199	1.07310	142073	124086980000	0
2017.01.25	1.07288	1.07694	1.07109	1.07465	139081	120542746000	0
2017.01.26	1.07477	1.07653	1.06572	1.06810	146134	129394794000	0
2017.01.27	1.06794	1.07247	1.06579	1.06968	129909	113458241000	0
2017.01.30	1.07023	1.07399	1.06200	1.06920	130424	110750726000	0
2017.01.31	1.06921	1.08120	1.06843	1.07968	168241	151410812000	7
2017.02.01	1.07958	1.08070	1.07298	1.07675	147733	134342550000	0
2017.02.02	1.07668	1.08284	1.07556	1.07569	150389	132245095000	0
2017.02.03	1.07570	1.07973	1.07106	1.07789	138674	119304954000	0
2017.02.06	1.07848	1.07906	1.07053	1.07488	128085	115591625000	0
2017.02.07	1.07392	1.07492	1.06558	1.06820	129264	112363678000	0
2017.02.08	1.06795	1.07138	1.06402	1.06969	128190	108838152000	0
2017.02.09	1.06971	1.07092	1.06505	1.06541	122349	101099097000	0
2017.02.10	1.06552	1.06674	1.06072	1.06377	126662	114422901000	0
2017.02.13	1.06276	1.06581	1.05917	1.05972	111130	106744780000	0
2017.02.14	1.05948	1.06331	1.05607	1.05764	122216	103411342000	0
2017.02.15	1.05738	1.06090	1.05210	1.05991	129683	116084030000	7
2017.02.16	1.05980	1.06790	1.05906	1.06727	129206	116495545000	0
2017.02.17	1.06725	1.06762	1.06051	1.06056	117825	104770343000	0
2017.02.20	1.06069	1.06326	1.06029	1.06103	94749	85139246000	0
2017.02.21	1.06099	1.06149	1.05255	1.05349	114609	100725140000	7
2017.02.22	1.05345	1.05737	1.04933	1.05573	130425	109538608000	0
2017.02.23	1.05526	1.05949	1.05373	1.05804	114714	94768004000	0
2017.02.24	1.05778	1.06176	1.05513	1.05513	114958	100126715000	0
2017.02.27	1.05622	1.06304	1.05511	1.05851	112006	97471144000	0
2017.02.28	1.05851	1.06298	1.05680	1.05757	119666	105352358000	7
2017.03.01	1.05731	1.05890	1.05138	1.05459	145664	126835189000	7
2017.03.02	1.05457	1.05512	1.04946	1.05059	119742	104994477000	7
2017.03.03	1.05058	1.06236	1.05015	1.06166	132864	125473297000	0
2017.03.06	1.06033	1.06397	1.05745	1.05803	110065	104138602000	7
2017.03.07	1.05806	1.06022	1.05580	1.05655	101958	94807972000	7
2017.03.08	1.05635	1.05738	1.05345	1.05392	114282	107358534000	7
2017.03.09	1.05392	1.06151	1.05247	1.05756	140205	124504405000	7
2017.03.10	1.05737	1.06988	1.05721	1.06712	133854	119181762000	7
2017.03.13	1.06832	1.07141	1.06519	1.06535	124435	111342427000	7
2017.03.14	1.06533	1.06624	1.05995	1.06077	114250	106060057000	0
2017.03.15	1.06077	1.07397	1.06042	1.07360	130081	112206709000	7
2017.03.16	1.07359	1.07738	1.07053	1.07715	139451	120738975000	0
2017.03.17	1.07715	1.07821	1.07272	1.07362	114154	104154429000	0
2017.03.20	1.07384	1.07770	1.07249	1.07363	97003	84523211000	7
2017.03.21	1.07363	1.08190	1.07189	1.08060	129951	116244520000	7
2017.03.22	1.08061	1.08245	1.07755	1.07919	127134	110369645000	0
2017.03.23	1.07919	1.08047	1.07677	1.07822	119707	107980394000	0
2017.03.24	1.07821	1.08178	1.07600	1.07957	110958	100135223000	7
2017.03.27	1.08316	1.09057	1.08266	1.08638	115047	97826696000	0
2017.03.28	1.08637	1.08723	1.07985	1.08123	101690	96475270000	7
2017.03.29	1.08117	1.08263	1.07396	1.07640	110785	100452985000	0
2017.03.30	1.07647	1.07695	1.06717	1.06740	109951	106763506000	0
2017.03.31	1.06742	1.07017	1.06462	1.06462	111341	106169950000	7
2017.04.03	1.06591	1.06807	1.06421	1.06683	95896	94785980000	7
2017.04.04	1.06690	1.06770	1.06354	1.06720	90474	86249557000	7
2017.04.05	1.06710	1.06887	1.06345	1.06624	101806	93236041000	0
2017.04.06	1.06611	1.06838	1.06287	1.06434	102924	97219376000	0
2017.04.07	1.06425	1.06664	1.05804	1.05884	121252	114542638000	7
2017.04.10	1.05860	1.06063	1.05695	1.05947	85374	79191654000	7
2017.04.11	1.05935	1.06299	1.05783	1.06037	91908	86127361000	7
2017.04.12	1.06034	1.06749	1.05886	1.06633	97739	88365317000	7
2017.04.13	1.06639	1.06773	1.06089	1.06122	96747	95979234000	0
2017.04.14	1.06116	1.06294	1.06056	1.06096	56440	45221840000	0
2017.04.17	1.06102	1.06701	1.06025	1.06411	66325	67532222000	0
2017.04.18	1.06415	1.07357	1.06365	1.07302	104650	103931995000	7
2017.04.19	1.07279	1.07366	1.06995	1.07094	88867	87307347000	7
2017.04.20	1.07089	1.07773	1.07073	1.07161	89234	88524457000	0
2017.04.21	1.07160	1.07378	1.06820	1.07266	87727	86082253000	0
2017.04.24	1.09047	1.09061	1.08205	1.08667	127035	103386023000	0
2017.04.25	1.08668	1.09497	1.08511	1.09245	98577	90073692000	0
2017.04.26	1.09243	1.09506	1.08554	1.09033	114756	109146940000	7
2017.04.27	1.09024	1.09325	1.08514	1.08720	107815	99620837000	0
2017.04.28	1.08702	1.09471	1.08567	1.08921	104029	93087443000	0
2017.05.01	1.09086	1.09234	1.08838	1.08985	61763	64751866000	0
2017.05.02	1.08970	1.09328	1.08878	1.09317	88672	84328787000	0
2017.05.03	1.09276	1.09365	1.08825	1.08839	99328	94948140000	0
2017.05.04	1.08847	1.09869	1.08745	1.09837	120420	113647146000	0
2017.05.05	1.09837	1.09988	1.09476	1.09863	110899	96806407000	7
2017.05.08	1.10160	1.10176	1.09159	1.09236	114797	102473447000	0
2017.05.09	1.09234	1.09331	1.08631	1.08729	113893	113434621000	0
2017.05.10	1.08728	1.08979	1.08530	1.08672	106932	106928918000	0
2017.05.11	1.08671	1.08927	1.08387	1.08611	102157	103268621000	0
2017.05.12	1.08611	1.09341	1.08553	1.09268	100190	98124945000	0
2017.05.15	1.09318	1.09892	1.09222	1.09748	93364	88872571000	0
2017.05.16	1.09747	1.10970	1.09730	1.10825	114885	109665007000	0
2017.05.17	1.10823	1.11618	1.10792	1.11583	138429	133803911000	0
2017.05.18	1.11583	1.11716	1.10755	1.11027	166368	165624306000	0
2017.05.19	1.11025	1.12115	1.10957	1.11740	116792	115394091000	0
2017.05.22	1.11984	1.12631	1.11611	1.12371	109234	102022540000	0
2017.05.23	1.12371	1.12680	1.11747	1.11825	133294	128299905000	0
2017.05.24	1.11821	1.12198	1.11681	1.12184	122089	114933781000	0
2017.05.25	1.12181	1.12502	1.11932	1.12101	105897	104336743000	0
2017.05.26	1.12100	1.12342	1.11602	1.11733	106175	98878338000	0
2017.05.29	1.11660	1.11896	1.11615	1.11627	63380	60651428000	0
2017.05.30	1.11622	1.12051	1.11092	1.11855	113162	107107445000	0
2017.05.31	1.11853	1.12520	1.11643	1.12430	117413	110372985000	0
2017.06.01	1.12429	1.12564	1.12018	1.12121	101176	95704177000	0
2017.06.02	1.12123	1.12848	1.12047	1.12784	102096	91570872000	0
2017.06.05	1.12699	1.12835	1.12339	1.12536	70597	0	7
2017.06.06	1.12546	1.12837	1.12401	1.12764	83702	0	7
2017.06.07	1.12749	1.12824	1.12037	1.12563	91241	0	7
2017.06.08	1.12557	1.12691	1.11948	1.12122	96459	0	7
2017.06.09	1.12153	1.12365	1.11661	1.11935	104926	0	7
2017.06.12	1.12045	1.12318	1.11916	1.12039	75047	0	7
2017.06.13	1.12015	1.12247	1.11850	1.12100	70564	0	7
2017.06.14	1.12100	1.12954	1.11927	1.12173	113762	0	7
2017.06.15	1.12157	1.12283	1.11318	1.11449	103220	0	7
2017.06.16	1.11435	1.12014	1.11382	1.11961	80713	0	7
2017.06.19	1.12037	1.12125	1.11428	1.11476	73454	0	7
2017.06.20	1.11476	1.11647	1.11186	1.11337	85437	0	7
2017.06.21	1.11319	1.11687	1.11270	1.11682	78520	0	7
2017.06.22	1.11682	1.11777	1.11390	1.11509	75887	0	7
2017.06.23	1.11512	1.12087	1.11449	1.11928	66542	0	7
2017.06.26	1.11969	1.12195	1.11714	1.11810	77077	0	7
2017.06.27	1.11785	1.13490	1.11785	1.13379	100855	0	7
2017.06.28	1.13366	1.13901	1.12912	1.13762	124772	0	7
2017.06.29	1.13784	1.14451	1.13741	1.14396	104949	0	7
2017.06.30	1.14396	1.14449	1.13919	1.14254	102491	0	7
2017.07.03	1.14175	1.14264	1.13548	1.13641	77342	0	7
2017.07.04	1.13612	1.13766	1.13357	1.13438	73694	0	7
2017.07.05	1.13401	1.13682	1.13121	1.13495	87936	0	7
2017.07.06	1.13505	1.14243	1.13269	1.14216	92188	0	7
2017.07.07	1.14207	1.14395	1.13794	1.13954	95190	0	7
2017.07.10	1.13965	1.14177	1.13814	1.13985	68890	0	7
2017.07.11	1.13966	1.14793	1.13825	1.14659	85981	0	7
2017.07.12	1.14641	1.14891	1.13914	1.14127	110284	0	7
2017.07.13	1.14124	1.14556	1.13700	1.13966	101933	0	7
2017.07.14	1.13958	1.14718	1.13912	1.14666	95464	0	7
2017.07.17	1.14688	1.14866	1.14345	1.14777	85279	0	7
2017.07.18	1.14790	1.15830	1.14711	1.15538	123356	0	7
2017.07.19	1.15539	1.15559	1.15097	1.15152	87143	0	7
2017.07.20	1.15135	1.16579	1.14790	1.16303	129413	0	7
2017.07.21	1.16296	1.16825	1.16188	1.16623	100851	0	7
2017.07.24	1.16589	1.16840	1.16256	1.16417	93411	0	7
2017.07.25	1.16421	1.17122	1.16304	1.16464	105844	0	7
2017.07.26	1.16476	1.17394	1.16123	1.17262	115067	0	7
2017.07.27	1.17262	1.17765	1.16497	1.16757	126281	0	7
2017.07.28	1.16757	1.17638	1.16709	1.17494	115408	0	7
2017.07.31	1.17518	1.18446	1.17229	1.18397	106146	0	7
2017.08.01	1.18397	1.18415	1.17849	1.18021	107716	0	7
2017.08.02	1.18006	1.19100	1.17932	1.18545	105759	0	7
2017.08.03	1.18548	1.18926	1.18302	1.18706	102558	0	7
2017.08.04	1.18706	1.18889	1.17278	1.17719	101270	0	7
2017.08.07	1.17729	1.18139	1.17679	1.17949	77256	0	7
2017.08.08	1.17942	1.18235	1.17149	1.17527	90325	0	7
2017.08.09	1.17502	1.17635	1.16885	1.17578	108589	0	7
2017.08.10	1.17558	1.17850	1.17039	1.17725	105884	0	7
2017.08.11	1.17717	1.18468	1.17483	1.18189	99755	0	7
2017.08.14	1.18212	1.18380	1.17694	1.17811	83133	0	7
2017.08.15	1.17811	1.17923	1.16869	1.17341	99746	0	7
2017.08.16	1.17337	1.17783	1.16809	1.17667	107933	0	7
2017.08.17	1.17673	1.17897	1.16619	1.17228	118611	0	7
2017.08.18	1.17222	1.17741	1.17080	1.17578	106589	0	7
2017.08.21	1.17590	1.18277	1.17307	1.18151	75165	0	7
2017.08.22	1.18140	1.18239	1.17448	1.17611	80786	0	7
2017.08.23	1.17611	1.18230	1.17398	1.18086	83246	0	7
2017.08.24	1.18086	1.18175	1.17838	1.17993	80722	0	7
2017.08.25	1.17987	1.19411	1.17728	1.19209	102284	0	7
2017.08.28	1.19423	1.19834	1.19166	1.19775	78629	0	7
2017.08.29	1.19775	1.20699	1.19461	1.19786	132534	0	7
2017.08.30	1.19710	1.19839	1.18813	1.18819	107032	0	7
2017.08.31	1.18825	1.19123	1.18228	1.19039	106358	0	7
2017.09.01	1.19039	1.19795	1.18499	1.18627	110698	0	7
2017.09.04	1.18807	1.19217	1.18735	1.18934	83495	0	7
2017.09.05	1.18934	1.19404	1.18679	1.19165	111039	0	7
2017.09.06	1.19081	1.19500	1.19025	1.19187	110713	0	7
2017.09.07	1.19158	1.20593	1.19136	1.20233	127459	0	7
2017.09.08	1.20208	1.20921	1.20145	1.20337	132416	0	7
2017.09.11	1.20161	1.20292	1.19489	1.19524	94949	0	7
2017.09.12	1.19522	1.19781	1.19262	1.19662	98874	1054193000	0
2017.09.13	1.19661	1.19949	1.18729	1.18848	91691	0	0
2017.09.14	1.18848	1.19223	1.18379	1.19187	104436	0	0
2017.09.15	1.19187	1.19867	1.19009	1.19447	106378	0	0
2017.09.18	1.19233	1.19693	1.19150	1.19521	81949	0	0
2017.09.19	1.19521	1.20065	1.19481	1.19935	98023	0	0
2017.09.20	1.19936	1.20330	1.18611	1.18926	111009	0	0
2017.09.21	1.18926	1.19535	1.18656	1.19407	105748	0	0
2017.09.22	1.19399	1.20045	1.19366	1.19465	96464	0	0
2017.09.25	1.18987	1.19366	1.18321	1.18472	99349	0	0
2017.09.26	1.18472	1.18615	1.17573	1.17925	109990	0	0
2017.09.27	1.17925	1.17952	1.17171	1.17444	109641	0	0
2017.09.28	1.17444	1.18040	1.17210	1.17858	96028	0	0
2017.09.29	1.17854	1.18324	1.17725	1.18131	86784	0	0
2017.10.02	1.17945	1.18151	1.17302	1.17326	82363	0	0
2017.10.03	1.17326	1.17735	1.16960	1.17434	79408	0	0
2017.10.04	1.17434	1.17876	1.17349	1.17589	76900	0	0
2017.10.05	1.17589	1.17788	1.16991	1.17106	74302	0	0
2017.10.06	1.17106	1.17387	1.16692	1.17290	86157	0	0
2017.10.09	1.17305	1.17561	1.17195	1.17402	42403	0	0
2017.10.10	1.17402	1.18253	1.17390	1.18077	75653	0	0
2017.10.11	1.18077	1.18690	1.17951	1.18581	77005	0	0
2017.10.12	1.18581	1.18797	1.18270	1.18294	71471	0	0
2017.10.13	1.18294	1.18749	1.18052	1.18195	78314	0	0
2017.10.16	1.18120	1.18194	1.17805	1.17952	62985	0	0
2017.10.17	1.17958	1.18000	1.17361	1.17659	66340	0	0
2017.10.18	1.17660	1.18053	1.17300	1.17872	69408	0	0
2017.10.19	1.17872	1.18578	1.17681	1.18508	84852	0	0
2017.10.20	1.18508	1.18579	1.17623	1.17811	87654	0	0
2017.10.23	1.17664	1.17774	1.17247	1.17487	62236	0	0
2017.10.24	1.17487	1.17929	1.17428	1.17606	67471	0	0
2017.10.25	1.17605	1.18176	1.17531	1.18126	88120	0	0
2017.10.26	1.18126	1.18367	1.16403	1.16503	89540	0	0
2017.10.27	1.16503	1.16568	1.15742	1.16075	92165	0	0
2017.10.30	1.16054	1.16578	1.15933	1.16505	59230	0	0
2017.10.31	1.16503	1.16612	1.16248	1.16457	57679	0	0
2017.11.01	1.16451	1.16573	1.16063	1.16184	71448	0	0
2017.11.02	1.16177	1.16782	1.16130	1.16559	79755	0	0
2017.11.03	1.16559	1.16906	1.15991	1.16066	69187	0	0
2017.11.06	1.16097	1.16241	1.15802	1.16089	66254	0	0
2017.11.07	1.16091	1.16157	1.15540	1.15854	73309	0	0
2017.11.08	1.15854	1.16110	1.15792	1.15943	59168	0	0
2017.11.09	1.15943	1.16548	1.15856	1.16411	77089	0	0
2017.11.10	1.16411	1.16779	1.16227	1.16637	59113	0	0
2017.11.13	1.16574	1.16752	1.16373	1.16667	50702	0	0
2017.11.14	1.16665	1.18048	1.16614	1.17974	66006	0	0
2017.11.15	1.17974	1.18603	1.17846	1.17903	86935	0	0
2017.11.16	1.17903	1.18008	1.17566	1.17695	71840	0	0
2017.11.17	1.17695	1.18217	1.17653	1.17884	71379	0	0
2017.11.20	1.17852	1.18085	1.17221	1.17330	81311	0	0
2017.11.21	1.17330	1.17577	1.17129	1.17378	65234	0	0
2017.11.22	1.17378	1.18269	1.17321	1.18218	63677	0	0
2017.11.23	1.18218	1.18560	1.18132	1.18486	48643	0	0
2017.11.24	1.18486	1.19443	1.18368	1.19287	63203	0	0
2017.11.27	1.19265	1.19611	1.18955	1.18978	66198	0	0
2017.11.28	1.18970	1.19199	1.18268	1.18372	83602	0	0
2017.11.29	1.18365	1.18827	1.18168	1.18468	76114	0	0
2017.11.30	1.18468	1.19315	1.18089	1.19035	83311	0	0
2017.12.01	1.19031	1.19403	1.18508	1.18919	112210	0	0
2017.12.04	1.18618	1.18786	1.18291	1.18656	83207	0	0
2017.12.05	1.18655	1.18766	1.18007	1.18261	83768	0	0
2017.12.06	1.18247	1.18480	1.17806	1.17948	76974	0	0
2017.12.07	1.17948	1.18147	1.17719	1.17719	70650	0	0
2017.12.08	1.17719	1.17765	1.17302	1.17731	79807	0	0
2017.12.11	1.17650	1.18118	1.17634	1.17685	61944	0	0
2017.12.12	1.17685	1.17927	1.17175	1.17410	63642	0	0
2017.12.13	1.17410	1.18315	1.17294	1.18257	79958	0	0
2017.12.14	1.18257	1.18625	1.17707	1.17773	97269	0	0
2017.12.15	1.17774	1.18124	1.17482	1.17505	78757	0	0
2017.12.18	1.17435	1.18344	1.17375	1.17812	97584	0	1
2017.12.19	1.17812	1.18486	1.17766	1.18385	106375	0	1
2017.12.20	1.18382	1.19017	1.18289	1.18702	103982	0	1
2017.12.21	1.18702	1.18896	1.18493	1.18724	94619	0	0
2017.12.22	1.18722	1.18754	1.18169	1.18630	103267	0	1
2017.12.26	1.18704	1.18785	1.18466	1.18579	30123	0	1
2017.12.27	1.18579	1.19103	1.18551	1.18865	85184	0	1
2017.12.28	1.18865	1.19589	1.18864	1.19422	79872	0	1
2017.12.29	1.19422	1.20255	1.19362	1.20045	85664	0	1
2018.01.02	1.20088	1.20812	1.20007	1.20579	92779	0	1
2018.01.03	1.20579	1.20661	1.20010	1.20142	100595	0	1
2018.01.04	1.20142	1.20889	1.20043	1.20678	109715	0	1
2018.01.05	1.20678	1.20828	1.20206	1.20298	113628	0	1
2018.01.08	1.20268	1.20523	1.19556	1.19669	88921	0	1
2018.01.09	1.19669	1.19756	1.19155	1.19364	100787	0	1
2018.01.10	1.19364	1.20181	1.19232	1.19474	151752	0	1
2018.01.11	1.19474	1.20588	1.19293	1.20314	155197	0	1
2018.01.12	1.20314	1.22185	1.20308	1.22000	189447	0	1
2018.01.15	1.21932	1.22965	1.21875	1.22626	155933	0	1
2018.01.16	1.22626	1.22834	1.21951	1.22595	164847	0	1
2018.01.17	1.22595	1.23231	1.21769	1.21843	204183	0	1
2018.01.18	1.21843	1.22648	1.21652	1.22369	167647	0	1
2018.01.19	1.22369	1.22954	1.22149	1.22224	160024	0	1
2018.01.22	1.22698	1.22708	1.22139	1.22615	129818	0	1
2018.01.23	1.22615	1.23062	1.22230	1.22983	147486	0	1
2018.01.24	1.22979	1.24149	1.22912	1.24070	185845	0	1
2018.01.25	1.24070	1.25378	1.23638	1.23926	308719	0	1
2018.01.26	1.23926	1.24938	1.23699	1.24264	233580	0	0
2018.01.29	1.24259	1.24321	1.23368	1.23813	184146	0	1
2018.01.30	1.23813	1.24540	1.23348	1.24021	176386	0	1
2018.01.31	1.24017	1.24748	1.23870	1.24132	208308	0	1
2018.02.01	1.24132	1.25220	1.23854	1.25078	185833	0	1
2018.02.02	1.25073	1.25181	1.24091	1.24560	196693	0	1
2018.02.05	1.24344	1.24749	1.23625	1.23665	212883	0	1
2018.02.06	1.23658	1.24346	1.23139	1.23768	298127	0	1
2018.02.07	1.23768	1.24060	1.22457	1.22627	180783	0	1
2018.02.08	1.22620	1.22948	1.22121	1.22467	237241	0	1
2018.02.09	1.22467	1.22873	1.22054	1.22498	231451	0	1
2018.02.12	1.22442	1.22973	1.22350	1.22906	136792	0	1
2018.02.13	1.22906	1.23710	1.22845	1.23501	138960	0	1
2018.02.14	1.23497	1.24651	1.22758	1.24494	197638	0	1
2018.02.15	1.24491	1.25102	1.24480	1.25062	165673	0	1
2018.02.16	1.25062	1.25554	1.23934	1.24105	171908	0	1
2018.02.19	1.24008	1.24352	1.23691	1.24070	118021	0	1
2018.02.20	1.24068	1.24123	1.23196	1.23367	150082	0	1
2018.02.21	1.23367	1.23598	1.22810	1.22822	190080	0	1
2018.02.22	1.22819	1.23521	1.22595	1.23292	150020	0	1
2018.02.23	1.23292	1.23369	1.22798	1.22935	117594	0	1
2018.02.26	1.22930	1.23550	1.22779	1.23167	127575	0	1
2018.02.27	1.23167	1.23464	1.22215	1.22325	154107	0	1
2018.02.28	1.22325	1.22416	1.21878	1.21929	141018	0	1
2018.03.01	1.21924	1.22733	1.21546	1.22651	172658	0	1
2018.03.02	1.22651	1.23359	1.22514	1.23184	153468	0	1
2018.03.05	1.23324	1.23645	1.22688	1.23353	159863	0	1
2018.03.06	1.23353	1.24201	1.23280	1.24033	148585	0	1
2018.03.07	1.24033	1.24448	1.23848	1.24107	150782	0	1
2018.03.08	1.24107	1.24462	1.22979	1.23103	175052	0	1
2018.03.09	1.23102	1.23342	1.22730	1.23053	152115	0	1
2018.03.12	1.23096	1.23456	1.22903	1.23346	103057	0	1
2018.03.13	1.23344	1.24074	1.23145	1.23911	134095	0	1
2018.03.14	1.23911	1.24125	1.23471	1.23680	132189	0	1
2018.03.15	1.23678	1.23836	1.23003	1.23044	139664	0	1
2018.03.16	1.23046	1.23362	1.22600	1.22889	110331	0	1
2018.03.19	1.22872	1.23588	1.22580	1.23341	117506	0	1
2018.03.20	1.23341	1.23547	1.22396	1.22435	111873	0	1
2018.03.21	1.22435	1.23498	1.22417	1.23385	145129	0	1
2018.03.22	1.23385	1.23885	1.22850	1.23056	150537	0	1
2018.03.23	1.23056	1.23733	1.23056	1.23514	125138	0	1
2018.03.26	1.23497	1.24615	1.23485	1.24431	111194	0	1
2018.03.27	1.24422	1.24763	1.23719	1.24020	124710	0	1
2018.03.28	1.24017	1.24216	1.23000	1.23073	123308	0	1
2018.03.29	1.23079	1.23358	1.22839	1.23001	115697	0	1
2018.03.30	1.22999	1.23304	1.22866	1.23218	54735	0	1
2018.04.02	1.23192	1.23450	1.22811	1.23016	65570	0	1
2018.04.03	1.23018	1.23360	1.22536	1.22699	106695	0	1
2018.04.04	1.22699	1.23147	1.22570	1.22777	67672	0	1
2018.04.05	1.22774	1.22903	1.22183	1.22401	66831	0	1
2018.04.06	1.22394	1.22908	1.22149	1.22809	99875	0	1
2018.04.09	1.22794	1.23309	1.22602	1.23204	77883	0	1
2018.04.10	1.23184	1.23776	1.23027	1.23557	86437	0	1
2018.04.11	1.23550	1.23964	1.23469	1.23669	77839	0	1
2018.04.12	1.23657	1.23798	1.22992	1.23261	80071	0	1
2018.04.13	1.23255	1.23459	1.23070	1.23290	63714	0	1
2018.04.16	1.23289	1.23945	1.23231	1.23792	57512	0	1
2018.04.17	1.23783	1.24137	1.23360	1.23692	59231	0	1
2018.04.18	1.23689	1.23971	1.23415	1.23734	70339	0	1
2018.04.19	1.23726	1.24002	1.23291	1.23453	80260	0	1
2018.04.20	1.23446	1.23529	1.22496	1.22873	72329	0	1
2018.04.23	1.22695	1.22895	1.21975	1.22083	74477	0	1
2018.04.24	1.22083	1.22450	1.21816	1.22318	80163	0	1
2018.04.25	1.22311	1.22387	1.21600	1.21605	78942	0	1
2018.04.26	1.21599	1.22099	1.20963	1.21031	116739	0	1
2018.04.27	1.21031	1.21329	1.20553	1.21293	90007	0	1
2018.04.30	1.21248	1.21387	1.20641	1.20774	87762	0	1
2018.05.01	1.20772	1.20840	1.19814	1.19921	78079	0	1
2018.05.02	1.19921	1.20316	1.19379	1.19503	128842	0	1
2018.05.03	1.19503	1.20088	1.19477	1.19878	121867	0	1
2018.05.04	1.19878	1.19954	1.19108	1.19609	98396	0	1
2018.05.07	1.19507	1.19780	1.18975	1.19218	65117	0	1
2018.05.08	1.19218	1.19387	1.18380	1.18640	101635	0	1
2018.05.09	1.18638	1.18969	1.18226	1.18501	92730	0	1
2018.05.10	1.18502	1.19465	1.18429	1.19149	122785	0	1
2018.05.11	1.19145	1.19679	1.18911	1.19417	85555	0	1
2018.05.14	1.19418	1.19961	1.19260	1.19262	80250	0	1
2018.05.15	1.19261	1.19385	1.18201	1.18374	110146	0	1
2018.05.16	1.18374	1.18543	1.17631	1.18069	130008	0	1
2018.05.17	1.18065	1.18374	1.17763	1.17931	115750	0	1
2018.05.18	1.17938	1.18221	1.17498	1.17705	87408	0	1
2018.05.21	1.17696	1.17957	1.17166	1.17911	78020	0	1
2018.05.22	1.17911	1.18297	1.17565	1.17780	99635	0	1
2018.05.23	1.17782	1.17896	1.16758	1.16951	140803	0	1
2018.05.24	1.16948	1.17503	1.16907	1.17192	113681	0	1
2018.05.25	1.17202	1.17335	1.16452	1.16492	107336	0	1
2018.05.28	1.16823	1.17284	1.16073	1.16238	91144	0	1
2018.05.29	1.16230	1.16396	1.15098	1.15391	161703	0	0
2018.05.30	1.15349	1.16762	1.15186	1.16622	143785	0	1
2018.05.31	1.16622	1.17244	1.16409	1.16906	128391	0	1
2018.06.01	1.16879	1.17179	1.16166	1.16596	118620	0	1
2018.06.04	1.16554	1.17445	1.16554	1.16978	90141	0	0
2018.06.05	1.16966	1.17321	1.16526	1.17167	100777	0	1
2018.06.06	1.17118	1.17956	1.17107	1.17735	100373	0	1
2018.06.07	1.17728	1.18398	1.17723	1.17979	112147	0	1
2018.06.08	1.17981	1.18103	1.17269	1.17693	90929	0	1
2018.06.11	1.17732	1.18204	1.17710	1.17828	74392	0	1
2018.06.12	1.17821	1.18090	1.17329	1.17454	96897	0	1
2018.06.13	1.17461	1.18008	1.17249	1.17912	101323	0	1
2018.06.14	1.17908	1.18519	1.15628	1.15659	138338	0	1
2018.06.15	1.15680	1.16270	1.15430	1.16070	115763	0	1
2018.06.18	1.15874	1.16242	1.15652	1.16222	76216	0	1
2018.06.19	1.16224	1.16443	1.15305	1.15877	128559	0	1
2018.06.20	1.15872	1.15999	1.15359	1.15704	105384	0	1
2018.06.21	1.15695	1.16335	1.15078	1.16025	137199	0	1
2018.06.22	1.15983	1.16749	1.15982	1.16539	127058	0	1
2018.06.25	1.16635	1.17130	1.16284	1.17027	106506	0	1
2018.06.26	1.17027	1.17205	1.16347	1.16460	121598	0	1
2018.06.27	1.16455	1.16721	1.15404	1.15524	122606	0	1
2018.06.28	1.15516	1.16006	1.15271	1.15679	131958	0	1
2018.06.29	1.15672	1.16903	1.15580	1.16831	142851	0	1
2018.07.02	1.16841	1.16894	1.15912	1.16388	95314	0	1
2018.07.03	1.16386	1.16731	1.16203	1.16550	92957	0	1
2018.07.04	1.16559	1.16817	1.16305	1.16555	75752	0	1
2018.07.05	1.16554	1.17203	1.16499	1.16895	99612	0	1
2018.07.06	1.16892	1.17679	1.16800	1.17435	89473	0	1
2018.07.09	1.17382	1.17908	1.17326	1.17496	88040	0	1
2018.07.10	1.17495	1.17626	1.16902	1.17438	80664	0	1
2018.07.11	1.17424	1.17584	1.16653	1.16714	113328	0	1
2018.07.12	1.16718	1.16957	1.16496	1.16705	95067	0	1
2018.07.13	1.16698	1.16867	1.16128	1.16856	90837	0	1
2018.07.16	1.16895	1.17254	1.16755	1.17108	82627	0	1
2018.07.17	1.17094	1.17446	1.16491	1.16602	96980	0	1
2018.07.18	1.16591	1.16649	1.16019	1.16380	93327	0	0
2018.07.19	1.16381	1.16785	1.15747	1.16409	134415	0	1
2018.07.20	1.16419	1.17388	1.16262	1.17209	146710	0	1
2018.07.23	1.17261	1.17497	1.16833	1.16915	73082	0	3
2018.07.24	1.16913	1.17165	1.16542	1.16856	76859	0	5
2018.07.25	1.16856	1.17382	1.16635	1.17280	79792	0	3
2018.07.26	1.17290	1.17433	1.16397	1.16423	77509	0	3
2018.07.27	1.16403	1.16640	1.16199	1.16565	65298	0	3
2018.07.30	1.16563	1.17184	1.16477	1.17050	50121	0	2
2018.07.31	1.17027	1.17455	1.16855	1.16906	70827	0	3
2018.08.01	1.16895	1.16993	1.16568	1.16594	62909	0	2
2018.08.02	1.16590	1.16671	1.15813	1.15840	61156	0	3
2018.08.03	1.15838	1.16102	1.15598	1.15672	68396	0	5
2018.08.06	1.15681	1.15708	1.15296	1.15532	46317	0	2
2018.08.07	1.15532	1.16078	1.15500	1.15979	49278	0	3
2018.08.08	1.15980	1.16278	1.15729	1.16096	49821	0	3
2018.08.09	1.16096	1.16189	1.15253	1.15265	58810	0	3
2018.08.10	1.15262	1.15360	1.13878	1.14111	112034	0	3
2018.08.13	1.13714	1.14324	1.13646	1.14096	101338	0	3
2018.08.14	1.14095	1.14290	1.13297	1.13436	81007	0	3
2018.08.15	1.13429	1.13546	1.13006	1.13444	80064	0	3
2018.08.16	1.13452	1.14088	1.13353	1.13758	87129	0	4
2018.08.17	1.13758	1.14445	1.13660	1.14381	75130	0	2
2018.08.20	1.14366	1.14846	1.13940	1.14807	61642	0	3
2018.08.21	1.14802	1.16008	1.14793	1.15700	85498	0	4
2018.08.22	1.15696	1.16226	1.15528	1.15958	75217	0	3
2018.08.23	1.15936	1.15993	1.15292	1.15378	73006	0	2
2018.08.24	1.15369	1.16394	1.15344	1.16218	76788	0	4
2018.08.27	1.16160	1.16932	1.15941	1.16777	64033	0	2
2018.08.28	1.16766	1.17333	1.16622	1.16939	73221	0	2
2018.08.29	1.16939	1.17096	1.16514	1.17063	82808	0	3
2018.08.30	1.17063	1.17178	1.16413	1.16697	79792	0	3
2018.08.31	1.16652	1.16897	1.15842	1.16021	87294	0	8
2018.09.03	1.15955	1.16275	1.15885	1.16180	51281	0	3
2018.09.04	1.16169	1.16207	1.15297	1.15804	69457	0	3
2018.09.05	1.15801	1.16398	1.15422	1.16289	77201	0	2
2018.09.06	1.16297	1.16588	1.16050	1.16226	79031	0	4
2018.09.07	1.16226	1.16491	1.15501	1.15526	84349	0	4
2018.09.10	1.15494	1.16158	1.15255	1.15930	59122	0	2
2018.09.11	1.15923	1.16438	1.15650	1.16045	61376	0	3
2018.09.12	1.16041	1.16493	1.15696	1.16252	67488	0	2
2018.09.13	1.16253	1.17007	1.16087	1.16897	64885	0	2
2018.09.14	1.16892	1.17213	1.16202	1.16219	62858	0	4
2018.09.17	1.16231	1.16978	1.16175	1.16829	50096	0	3
2018.09.18	1.16829	1.17241	1.16517	1.16650	76822	0	4
2018.09.19	1.16649	1.17146	1.16496	1.16720	69430	0	3
2018.09.20	1.16718	1.17842	1.16685	1.17765	76388	0	3
2018.09.21	1.17762	1.18024	1.17323	1.17537	72001	0	3
2018.09.24	1.17405	1.18148	1.17237	1.17472	61072	0	3
2018.09.25	1.17480	1.17921	1.17304	1.17658	66466	0	3
2018.09.26	1.17653	1.17974	1.17256	1.17379	77756	0	3
2018.09.27	1.17362	1.17568	1.16385	1.16407	86181	0	2
2018.09.28	1.16407	1.16509	1.15693	1.16020	78258	0	3
2018.10.01	1.16156	1.16243	1.15632	1.15778	64958	0	3
2018.10.02	1.15790	1.15800	1.15048	1.15460	70105	0	3
2018.10.03	1.15474	1.15933	1.14639	1.14766	84237	0	3
2018.10.04	1.14762	1.15424	1.14630	1.15134	82675	0	3
2018.10.05	1.15139	1.15494	1.14837	1.15234	89767	0	5
2018.10.08	1.15205	1.15292	1.14596	1.14907	65049	0	6
2018.10.09	1.14903	1.15029	1.14318	1.14899	90038	0	3
2018.10.10	1.14899	1.15450	1.14794	1.15182	79873	0	2
2018.10.11	1.15186	1.15989	1.15175	1.15930	115300	0	3
2018.10.12	1.15861	1.16101	1.15339	1.15584	78170	0	3
2018.10.15	1.15364	1.16059	1.15364	1.15784	68232	0	5
2018.10.16	1.15786	1.16209	1.15657	1.15733	67195	0	5
2018.10.17	1.15733	1.15801	1.14954	1.14999	78065	0	3
2018.10.18	1.15000	1.15268	1.14487	1.14523	86453	0	2
2018.10.19	1.14522	1.15342	1.14326	1.15142	87116	0	4
2018.10.22	1.15160	1.15498	1.14553	1.14637	66533	0	2
2018.10.23	1.14635	1.14931	1.14389	1.14697	85905	0	4
2018.10.24	1.14704	1.14761	1.13783	1.13911	89697	0	5
2018.10.25	1.13919	1.14322	1.13558	1.13746	83219	0	2
2018.10.26	1.13731	1.14206	1.13353	1.14021	87255	0	8
2018.10.29	1.13978	1.14160	1.13602	1.13720	74259	0	3
2018.10.30	1.13719	1.13874	1.13401	1.13431	66558	0	3
2018.10.31	1.13431	1.13598	1.13017	1.13135	72835	0	3
2018.11.01	1.13134	1.14238	1.13123	1.14014	78589	0	3
2018.11.02	1.14014	1.14555	1.13718	1.13859	82634	0	5
2018.11.05	1.13853	1.14236	1.13526	1.14067	65926	0	3
2018.11.06	1.14064	1.14375	1.13910	1.14260	65627	0	3
2018.11.07	1.14261	1.14994	1.13942	1.14255	103065	0	3
2018.11.08	1.14253	1.14465	1.13512	1.13629	82459	0	2
2018.11.09	1.13628	1.13685	1.13157	1.13343	79538	0	8
2018.11.12	1.13184	1.13303	1.12153	1.12174	76096	0	4
2018.11.13	1.12176	1.12933	1.12162	1.12898	87913	0	3
2018.11.14	1.12904	1.13472	1.12628	1.13080	97984	0	3
2018.11.15	1.13089	1.13620	1.12703	1.13255	101325	0	3
2018.11.16	1.13249	1.14199	1.13211	1.14140	79708	0	8
2018.11.19	1.14136	1.14640	1.13935	1.14524	57093	0	2
2018.11.20	1.14529	1.14719	1.13583	1.13695	68152	0	3
2018.11.21	1.13695	1.14243	1.13645	1.13843	63793	0	3
2018.11.22	1.13848	1.14337	1.13799	1.14005	53689	0	3
2018.11.23	1.14003	1.14208	1.13270	1.13296	54912	0	4
2018.11.26	1.13391	1.13834	1.13246	1.13273	59473	0	4
2018.11.27	1.13274	1.13434	1.12770	1.12874	73668	0	3
2018.11.28	1.12849	1.13875	1.12667	1.13659	78417	0	2
2018.11.29	1.13658	1.14013	1.13483	1.13925	72933	0	2
2018.11.30	1.13924	1.14001	1.13050	1.13155	67622	0	4
2018.12.03	1.13499	1.13793	1.13189	1.13534	63645	0	3
2018.12.04	1.13535	1.14185	1.13181	1.13423	82664	0	4
2018.12.05	1.13413	1.13609	1.13104	1.13445	50759	0	2
2018.12.06	1.13447	1.14123	1.13205	1.13746	91693	0	3
2018.12.07	1.13767	1.14233	1.13600	1.13962	83663	0	4
2018.12.10	1.13893	1.14423	1.13500	1.13552	91188	0	3
2018.12.11	1.13548	1.14001	1.13059	1.13163	82309	0	2
2018.12.12	1.13160	1.13868	1.13146	1.13680	83664	0	3
2018.12.13	1.13686	1.13930	1.13307	1.13583	74268	0	3
2018.12.14	1.13574	1.13646	1.12694	1.13053	69178	0	2
2018.12.17	1.12995	1.13574	1.12957	1.13471	66070	0	3
2018.12.18	1.13469	1.14018	1.13363	1.13600	70991	0	3
2018.12.19	1.13599	1.14388	1.13599	1.13760	91875	0	3
2018.12.20	1.13762	1.14855	1.13690	1.14452	103392	0	4
2018.12.21	1.14453	1.14736	1.13556	1.13665	93835	0	2
2018.12.24	1.13675	1.14381	1.13599	1.14164	64548	0	3
2018.12.26	1.14144	1.14147	1.13422	1.13520	41184	0	2
2018.12.27	1.13536	1.14538	1.13512	1.14292	99672	0	4
2018.12.28	1.14309	1.14723	1.14260	1.14398	82072	0	5
2018.12.31	1.14337	1.14655	1.14210	1.14558	56624	0	4
2019.01.02	1.14454	1.14967	1.13247	1.13437	75137	0	2
2019.01.03	1.13436	1.14107	1.13088	1.13929	112036	0	3
2019.01.04	1.13923	1.14187	1.13453	1.13955	87686	0	2
2019.01.07	1.13957	1.14821	1.13952	1.14739	61863	0	3
2019.01.08	1.14737	1.14841	1.14216	1.14406	65376	0	3
2019.01.09	1.14409	1.15578	1.14370	1.15415	85116	0	2
2019.01.10	1.15416	1.15698	1.14844	1.14994	77269	0	2
2019.01.11	1.14998	1.15400	1.14576	1.14626	75655	0	2
2019.01.14	1.14569	1.14816	1.14501	1.14678	64743	0	4
2019.01.15	1.14678	1.14893	1.13813	1.14124	85035	0	3
2019.01.16	1.14114	1.14244	1.13773	1.13912	67202	0	4
2019.01.17	1.13909	1.14056	1.13697	1.13879	69091	0	4
2019.01.18	1.13878	1.14099	1.13528	1.13655	60631	0	4
2019.01.21	1.13587	1.13907	1.13563	1.13657	40375	0	3
2019.01.22	1.13640	1.13735	1.13356	1.13594	60725	0	3
2019.01.23	1.13593	1.13940	1.13505	1.13807	60240	0	3
2019.01.24	1.13796	1.13911	1.12889	1.13031	91132	0	3
2019.01.25	1.13065	1.14172	1.12997	1.14051	81958	0	4
2019.01.28	1.14006	1.14432	1.13897	1.14262	60108	0	4
2019.01.29	1.14253	1.14498	1.14108	1.14320	77196	0	2
2019.01.30	1.14315	1.15013	1.14057	1.14779	80118	0	3
2019.01.31	1.14789	1.15139	1.14353	1.14461	79532	0	4
2019.02.01	1.14468	1.14880	1.14339	1.14529	68138	0	4
2019.02.04	1.14506	1.14600	1.14239	1.14350	56412	0	3
2019.02.05	1.14351	1.14401	1.14007	1.14043	52222	0	3
2019.02.06	1.14038	1.14091	1.13604	1.13607	51390	0	2
2019.02.07	1.13612	1.13680	1.13242	1.13385	55495	0	2
2019.02.08	1.13374	1.13505	1.13206	1.13217	45125	0	3
2019.02.11	1.13196	1.13296	1.12675	1.12748	47074	0	2
2019.02.12	1.12743	1.13392	1.12573	1.13246	51206	0	5
2019.02.13	1.13261	1.13410	1.12595	1.12595	58633	0	3
2019.02.14	1.12609	1.13095	1.12488	1.12939	69496	0	3
2019.02.15	1.12950	1.13058	1.12336	1.12905	63578	0	3
2019.02.18	1.12917	1.13335	1.12886	1.13081	39401	0	4
2019.02.19	1.13087	1.13571	1.12750	1.13394	63496	0	4
2019.02.20	1.13399	1.13707	1.13243	1.13351	62866	0	3
2019.02.21	1.13368	1.13660	1.13197	1.13330	74361	0	4
2019.02.22	1.13319	1.13552	1.13157	1.13303	58498	0	4
2019.02.25	1.13332	1.13671	1.13270	1.13560	55710	0	2
2019.02.26	1.13564	1.14024	1.13447	1.13880	63522	0	3
2019.02.27	1.13887	1.14032	1.13619	1.13685	62231	0	3
2019.02.28	1.13692	1.14192	1.13590	1.13696	71924	0	3
2019.03.01	1.13697	1.14081	1.13529	1.13626	64344	0	2
2019.03.04	1.13734	1.13810	1.13087	1.13386	58233	0	3
2019.03.05	1.13393	1.13406	1.12892	1.13069	56132	0	2
2019.03.06	1.13067	1.13243	1.12852	1.13053	52094	0	4
2019.03.07	1.13058	1.13198	1.11756	1.11923	70529	0	4
2019.03.08	1.11929	1.12457	1.11848	1.12324	67076	0	4
2019.03.11	1.12345	1.12580	1.12214	1.12485	54307	0	3
2019.03.12	1.12484	1.13046	1.12469	1.12877	72484	0	3
2019.03.13	1.12877	1.13383	1.12770	1.13301	54741	0	2
2019.03.14	1.13300	1.13372	1.12938	1.13043	63552	0	3
2019.03.15	1.13040	1.13439	1.12996	1.13237	49268	0	3
2019.03.18	1.13230	1.13586	1.13186	1.13349	43144	0	3
2019.03.19	1.13348	1.13612	1.13332	1.13492	42956	0	3
2019.03.20	1.13491	1.14477	1.13350	1.14238	66875	0	3
2019.03.21	1.14238	1.14369	1.13420	1.13727	71203	0	0
2019.03.22	1.13727	1.13903	1.12729	1.13006	79566	0	4
2019.03.25	1.12934	1.13310	1.12885	1.13125	60222	0	4
2019.03.26	1.13125	1.13256	1.12627	1.12699	63123	0	3
2019.03.27	1.12698	1.12852	1.12418	1.12508	81548	0	4
2019.03.28	1.12508	1.12609	1.12132	1.12259	73375	0	5
2019.03.29	1.12261	1.12463	1.12094	1.12166	70101	0	2
2019.04.01	1.12258	1.12496	1.12036	1.12117	64053	0	3
2019.04.02	1.12121	1.12157	1.11833	1.12033	59687	0	4
2019.04.03	1.12037	1.12543	1.11995	1.12312	55770	0	4
2019.04.04	1.12324	1.12472	1.12056	1.12191	52145	0	4
2019.04.05	1.12200	1.12476	1.12096	1.12152	48931	0	4
2019.04.08	1.12139	1.12741	1.12101	1.12609	40307	0	2
2019.04.09	1.12587	1.12838	1.12546	1.12609	46549	0	2
2019.04.10	1.12625	1.12872	1.12300	1.12724	55052	0	3
2019.04.11	1.12739	1.12870	1.12495	1.12507	47365	0	4
2019.04.12	1.12538	1.13235	1.12504	1.12981	48245	0	3
2019.04.15	1.13032	1.13205	1.12972	1.13023	40594	0	2
2019.04.16	1.13036	1.13135	1.12793	1.12799	57498	0	3
2019.04.17	1.12800	1.13234	1.12783	1.12946	48362	0	4
2019.04.18	1.12986	1.13037	1.12258	1.12305	59680	0	2
2019.04.19	1.12306	1.12473	1.12268	1.12388	19241	0	3
2019.04.22	1.12396	1.12616	1.12354	1.12560	19798	0	3
2019.04.23	1.12567	1.12609	1.11918	1.12262	45148	0	2
2019.04.24	1.12270	1.12270	1.11401	1.11524	61319	0	2
2019.04.25	1.11516	1.11620	1.11173	1.11313	56602	0	3
2019.04.26	1.11322	1.11735	1.11105	1.11420	58194	0	3
2019.04.29	1.11390	1.11864	1.11390	1.11852	35978	0	2
2019.04.30	1.11841	1.12286	1.11753	1.12140	55570	0	2
2019.05.01	1.12148	1.12644	1.11867	1.11941	52561	0	2
2019.05.02	1.11942	1.12187	1.11703	1.11709	59203	0	3
2019.05.03	1.11710	1.12045	1.11346	1.12021	62926	0	4
2019.05.06	1.11707	1.12090	1.11670	1.11978	50693	0	3
2019.05.07	1.11985	1.12176	1.11662	1.11906	55133	0	3
2019.05.08	1.11914	1.12134	1.11823	1.11904	65660	0	4
2019.05.09	1.11916	1.12505	1.11730	1.12128	71388	0	3
2019.05.10	1.12115	1.12532	1.12115	1.12333	61716	0	3
2019.05.13	1.12296	1.12631	1.12208	1.12208	53948	0	2
2019.05.14	1.12240	1.12436	1.12008	1.12028	46273	0	4
2019.05.15	1.12029	1.12242	1.11776	1.12000	54977	0	2
2019.05.16	1.12013	1.12236	1.11658	1.11734	43955	0	3
2019.05.17	1.11723	1.11839	1.11548	1.11565	52345	0	4
2019.05.20	1.11600	1.11744	1.11503	1.11650	39688	0	4
2019.05.21	1.11649	1.11876	1.11416	1.11598	49267	0	3
2019.05.22	1.11612	1.11799	1.11483	1.11494	40186	0	3
2019.05.23	1.11499	1.11871	1.11066	1.11807	56391	0	3
2019.05.24	1.11817	1.12118	1.11712	1.12044	47653	0	3
2019.05.27	1.12094	1.12150	1.11865	1.11908	22325	0	2
2019.05.28	1.11907	1.12009	1.11586	1.11591	47476	0	1
2019.05.29	1.11594	1.11721	1.11240	1.11302	52104	0	3
2019.05.30	1.11306	1.11430	1.11157	1.11283	39680	0	4
2019.05.31	1.11287	1.11795	1.11248	1.11676	63812	0	2
2019.06.03	1.11644	1.12616	1.11596	1.12406	60286	0	4
2019.06.04	1.12407	1.12769	1.12263	1.12507	66225	0	3
2019.06.05	1.12514	1.13061	1.12194	1.12200	68591	0	1
2019.06.06	1.12201	1.13084	1.12000	1.12747	65681	0	3
2019.06.07	1.12749	1.13474	1.12509	1.13322	65017	0	3
2019.06.10	1.13224	1.13301	1.12897	1.13110	41968	0	3
2019.06.11	1.13108	1.13371	1.13010	1.13253	54772	0	3
2019.06.12	1.13253	1.13430	1.12820	1.12866	55352	0	3
2019.06.13	1.12865	1.13033	1.12679	1.12761	46911	0	3
2019.06.14	1.12761	1.12888	1.12020	1.12103	57587	0	4
2019.06.17	1.12088	1.12467	1.12033	1.12178	36098	0	2
2019.06.18	1.12171	1.12425	1.11809	1.11936	69955	0	2
2019.06.19	1.11926	1.12538	1.11868	1.12259	60832	0	2
2019.06.20	1.12255	1.13173	1.12252	1.12916	77964	0	2
2019.06.21	1.12913	1.13773	1.12827	1.13699	73953	0	1
2019.06.24	1.13696	1.14036	1.13654	1.13978	50476	0	2
2019.06.25	1.13979	1.14116	1.13437	1.13655	73345	0	2
2019.06.26	1.13665	1.13909	1.13470	1.13683	61995	0	3
2019.06.27	1.13684	1.13811	1.13474	1.13689	53189	0	2
2019.06.28	1.13688	1.13931	1.13501	1.13693	51926	0	2
2019.07.01	1.13670	1.13707	1.12806	1.12851	60439	0	2
2019.07.02	1.12850	1.13212	1.12748	1.12857	47546	0	3
2019.07.03	1.12847	1.13111	1.12682	1.12774	48446	0	2
2019.07.04	1.12777	1.12947	1.12727	1.12847	19882	0	2
2019.07.05	1.12837	1.12874	1.12070	1.12248	47465	0	3
2019.07.08	1.12240	1.12343	1.12069	1.12142	30639	0	1
2019.07.09	1.12141	1.12187	1.11932	1.12078	30859	0	2
2019.07.10	1.12076	1.12642	1.12018	1.12503	51798	0	2
2019.07.11	1.12503	1.12857	1.12451	1.12532	54278	0	1
2019.07.12	1.12532	1.12748	1.12383	1.12699	47891	0	2
2019.07.15	1.12654	1.12838	1.12531	1.12577	36185	0	2
2019.07.16	1.12574	1.12634	1.12018	1.12103	45039	0	1
2019.07.17	1.12102	1.12336	1.11997	1.12242	34137	0	2
2019.07.18	1.12237	1.12804	1.12051	1.12765	53313	0	2
2019.07.19	1.12766	1.12820	1.12033	1.12194	53374	0	1
2019.07.22	1.12140	1.12252	1.12062	1.12094	38142	0	2
2019.07.23	1.12093	1.12096	1.11458	1.11517	36191	0	2
2019.07.24	1.11516	1.11557	1.11269	1.11399	36648	0	2
2019.07.25	1.11400	1.11877	1.11013	1.11467	57238	0	2
2019.07.26	1.11464	1.11509	1.11118	1.11270	36236	0	2
2019.07.29	1.11253	1.11509	1.11129	1.11443	29728	0	2
2019.07.30	1.11443	1.11609	1.11321	1.11545	40857	0	2
2019.07.31	1.11548	1.11620	1.10601	1.10749	66365	0	2
2019.08.01	1.10749	1.10957	1.10269	1.10847	87969	0	2
2019.08.02	1.10849	1.11163	1.10699	1.11050	94407	0	2
2019.08.05	1.11032	1.12131	1.11027	1.12033	84246	0	2
2019.08.06	1.12034	1.12495	1.11673	1.11980	82042	0	2
2019.08.07	1.11980	1.12419	1.11790	1.11982	93908	0	2
2019.08.08	1.11980	1.12327	1.11768	1.11801	74309	0	2
2019.08.09	1.11802	1.12229	1.11793	1.11998	53195	0	2
2019.08.12	1.11977	1.12306	1.11619	1.12131	55940	0	2
2019.08.13	1.12129	1.12286	1.11700	1.11709	75583	0	2
2019.08.14	1.11710	1.11907	1.11305	1.11377	71059	0	2
2019.08.15	1.11380	1.11584	1.10914	1.11065	87542	0	1
2019.08.16	1.11065	1.11121	1.10663	1.10893	59986	0	2
2019.08.19	1.10924	1.11137	1.10760	1.10778	40733	0	2
2019.08.20	1.10773	1.11067	1.10654	1.10998	49251	0	2
2019.08.21	1.10989	1.11070	1.10800	1.10845	51378	0	1
2019.08.22	1.10844	1.11131	1.10635	1.10799	52243	0	2
2019.08.23	1.10798	1.11531	1.10515	1.11386	78903	0	2
2019.08.26	1.11496	1.11639	1.10942	1.11018	106111	0	2
2019.08.27	1.11018	1.11158	1.10856	1.10901	69606	0	1
2019.08.28	1.10901	1.10978	1.10732	1.10770	66205	0	1
2019.08.29	1.10770	1.10932	1.10420	1.10563	69444	0	1
2019.08.30	1.10563	1.10602	1.09630	1.09893	68588	0	1
2019.09.02	1.09899	1.09965	1.09579	1.09696	42316	0	1
2019.09.03	1.09658	1.09787	1.09257	1.09733	79803	0	1
2019.09.04	1.09737	1.10383	1.09684	1.10348	62939	0	1
2019.09.05	1.10348	1.10846	1.10167	1.10340	71471	0	1
2019.09.06	1.10340	1.10571	1.10202	1.10245	65458	0	1
2019.09.09	1.10256	1.10680	1.10154	1.10477	48319	0	1
2019.09.10	1.10474	1.10593	1.10304	1.10432	41989	0	1
2019.09.11	1.10430	1.10555	1.09851	1.10102	38930	0	1
2019.09.12	1.10102	1.10870	1.09267	1.10643	66013	0	1
2019.09.13	1.10643	1.11094	1.10553	1.10697	51145	0	1
2019.09.16	1.10720	1.10863	1.09932	1.10003	47575	0	1
2019.09.17	1.09998	1.10745	1.09902	1.10725	50330	0	1
2019.09.18	1.10723	1.10756	1.10136	1.10299	47198	0	1
2019.09.19	1.10298	1.10734	1.10227	1.10408	50700	0	1
2019.09.20	1.10408	1.10675	1.09962	1.10187	48550	0	1
2019.09.23	1.10120	1.10253	1.09660	1.09925	47909	0	1
2019.09.24	1.09927	1.10239	1.09837	1.10193	47238	0	1
2019.09.25	1.10192	1.10228	1.09373	1.09419	50810	0	1
2019.09.26	1.09415	1.09673	1.09087	1.09198	46381	0	1
2019.09.27	1.09201	1.09586	1.09038	1.09411	45322	0	1
2019.09.30	1.09403	1.09476	1.08846	1.08991	40582	0	1
2019.10.01	1.08991	1.09427	1.08790	1.09317	49761	0	1
2019.10.02	1.09311	1.09635	1.09042	1.09590	46807	0	1
2019.10.03	1.09584	1.09992	1.09409	1.09630	52978	0	1
2019.10.04	1.09630	1.09983	1.09569	1.09772	50379	0	1
2019.10.07	1.09790	1.10006	1.09618	1.09704	38536	0	1
2019.10.08	1.09703	1.09959	1.09411	1.09560	50286	0	1
2019.10.09	1.09560	1.09901	1.09514	1.09710	38973	0	1
2019.10.10	1.09704	1.10338	1.09697	1.10050	55426	0	1
2019.10.11	1.10049	1.10627	1.10008	1.10360	61821	0	1
2019.10.14	1.10314	1.10427	1.10126	1.10251	35303	0	1
2019.10.15	1.10252	1.10460	1.09912	1.10320	52741	0	1
2019.10.16	1.10319	1.10854	1.10225	1.10710	55732	0	1
2019.10.17	1.10710	1.11398	1.10650	1.11234	53064	0	1
2019.10.18	1.11236	1.11702	1.11146	1.11689	40254	0	1
2019.10.21	1.11604	1.11793	1.11387	1.11487	36175	0	1
2019.10.22	1.11487	1.11568	1.11176	1.11243	37361	0	1
2019.10.23	1.11242	1.11402	1.11061	1.11297	30632	0	1
2019.10.24	1.11296	1.11626	1.10930	1.11037	41432	0	1
2019.10.25	1.11036	1.11228	1.10729	1.10794	27730	0	1
2019.10.28	1.10788	1.11065	1.10760	1.10994	26754	0	1
2019.10.29	1.10994	1.11184	1.10735	1.11118	30581	0	1
2019.10.30	1.11117	1.11533	1.10800	1.11516	43735	0	1
2019.10.31	1.11516	1.11756	1.11314	1.11514	43509	0	1
2019.11.01	1.11514	1.11718	1.11281	1.11648	35007	0	1
2019.11.04	1.11687	1.11753	1.11247	1.11272	30537	0	1
2019.11.05	1.11269	1.11401	1.10634	1.10742	41380	0	1
2019.11.06	1.10742	1.10927	1.10649	1.10658	31859	0	1
2019.11.07	1.10658	1.10915	1.10361	1.10497	45912	0	1
2019.11.08	1.10492	1.10553	1.10166	1.10189	33030	0	1
2019.11.11	1.10185	1.10430	1.10164	1.10323	23325	0	1
2019.11.12	1.10323	1.10385	1.10025	1.10088	31441	0	1
2019.11.13	1.10089	1.10202	1.09953	1.10053	34467	0	1
2019.11.14	1.10052	1.10273	1.09890	1.10212	32577	0	1
2019.11.15	1.10212	1.10567	1.10145	1.10515	27792	0	1
2019.11.18	1.10510	1.10899	1.10477	1.10718	28482	0	1
2019.11.19	1.10718	1.10838	1.10624	1.10780	26644	0	1
2019.11.20	1.10777	1.10813	1.10530	1.10723	34131	0	1
2019.11.21	1.10723	1.10969	1.10521	1.10581	31829	0	1
2019.11.22	1.10580	1.10875	1.10144	1.10182	32645	0	1
2019.11.25	1.10151	1.10320	1.10035	1.10126	27995	0	1
2019.11.26	1.10129	1.10255	1.10072	1.10194	28638	0	1
2019.11.27	1.10194	1.10246	1.09923	1.09989	29482	0	1
2019.11.28	1.09987	1.10178	1.09986	1.10075	20746	0	1
2019.11.29	1.10071	1.10282	1.09810	1.10152	27604	0	1
2019.12.02	1.10241	1.10910	1.10029	1.10784	31480	0	1
2019.12.03	1.10782	1.10934	1.10658	1.10809	32021	0	1
2019.12.04	1.10809	1.11161	1.10667	1.10775	35509	0	1
2019.12.05	1.10772	1.11079	1.10771	1.11042	27845	0	1
2019.12.06	1.11042	1.11097	1.10396	1.10595	27888	0	1
2019.12.09	1.10574	1.10779	1.10533	1.10635	21381	0	1
2019.12.10	1.10635	1.10976	1.10627	1.10919	27293	0	1
2019.12.11	1.10914	1.11447	1.10701	1.11294	33856	0	1
2019.12.12	1.11294	1.11541	1.11030	1.11286	44761	0	1
2019.12.13	1.11294	1.11993	1.11032	1.11173	63101	0	1
2019.12.16	1.11259	1.11580	1.11226	1.11434	30624	0	1
2019.12.17	1.11435	1.11745	1.11291	1.11487	35410	0	1
2019.12.18	1.11483	1.11541	1.11102	1.11127	31490	0	1
2019.12.19	1.11126	1.11442	1.11072	1.11204	34743	0	1
2019.12.20	1.11201	1.11246	1.10662	1.10751	29734	0	1
2019.12.23	1.10750	1.10958	1.10698	1.10895	29202	0	1
2019.12.24	1.10895	1.10939	1.10690	1.10851	22030	0	1
2019.12.26	1.10900	1.11088	1.10820	1.10974	10530	0	1
2019.12.27	1.10973	1.11882	1.10940	1.11760	36676	0	1
2019.12.30	1.11754	1.12206	1.11713	1.11985	36372	0	1
2019.12.31	1.11985	1.12392	1.11976	1.12171	32435	0	1
2020.01.02	1.12132	1.12143	1.11635	1.11722	30404	0	1
2020.01.03	1.11722	1.11797	1.11250	1.11558	39449	0	1
2020.01.06	1.11646	1.12054	1.11571	1.11968	32448	0	1
2020.01.07	1.11960	1.11975	1.11335	1.11526	35909	0	1
2020.01.08	1.11529	1.11681	1.11016	1.11053	50619	0	1
2020.01.09	1.11053	1.11203	1.10923	1.11051	32024	0	1
2020.01.10	1.11051	1.11291	1.10850	1.11212	30181	0	1
2020.01.13	1.11162	1.11469	1.11127	1.11338	25932	0	1
2020.01.14	1.11338	1.11444	1.11042	1.11274	31762	0	1
2020.01.15	1.11284	1.11633	1.11185	1.11495	29102	0	1
2020.01.16	1.11492	1.11726	1.11278	1.11358	30453	0	1
2020.01.17	1.11352	1.11425	1.10862	1.10893	28089	0	1
2020.01.20	1.10920	1.11024	1.10766	1.10944	18552	0	1
2020.01.21	1.10934	1.11180	1.10809	1.10819	29051	0	1
2020.01.22	1.10816	1.10983	1.10701	1.10920	30270	0	1
2020.01.23	1.10920	1.11087	1.10363	1.10542	37577	0	1
2020.01.24	1.10542	1.10617	1.10196	1.10255	32850	0	1
2020.01.27	1.10295	1.10375	1.10096	1.10184	33777	0	1
2020.01.28	1.10185	1.10251	1.09977	1.10220	28331	0	1
2020.01.29	1.10219	1.10277	1.09922	1.10099	28043	0	1
2020.01.30	1.10098	1.10393	1.10068	1.10312	34415	0	1
2020.01.31	1.10313	1.10951	1.10168	1.10943	37949	0	1
2020.02.03	1.10907	1.10927	1.10349	1.10593	35264	0	1
2020.02.04	1.10590	1.10642	1.10327	1.10434	32443	0	1
2020.02.05	1.10436	1.10478	1.09935	1.09989	33576	0	1
2020.02.06	1.09989	1.10138	1.09643	1.09827	29014	0	1
2020.02.07	1.09827	1.09849	1.09418	1.09430	38494	0	1
2020.02.10	1.09424	1.09574	1.09076	1.09105	28211	0	1
2020.02.11	1.09105	1.09247	1.08912	1.09145	30977	0	1
2020.02.12	1.09146	1.09255	1.08651	1.08728	31063	0	1
2020.02.13	1.08716	1.08887	1.08339	1.08408	34413	0	1
2020.02.14	1.08408	1.08612	1.08272	1.08301	29198	0	1
2020.02.17	1.08397	1.08509	1.08291	1.08346	21012	0	1
2020.02.18	1.08345	1.08372	1.07852	1.07907	34567	0	1
2020.02.19	1.07906	1.08117	1.07821	1.08039	33315	0	1
2020.02.20	1.08033	1.08211	1.07775	1.07838	40984	0	1
2020.02.21	1.07841	1.08634	1.07835	1.08474	40454	0	1
2020.02.24	1.08250	1.08720	1.08049	1.08520	54843	0	1
2020.02.25	1.08519	1.08901	1.08300	1.08806	60638	0	1
2020.02.26	1.08806	1.09087	1.08549	1.08807	60645	0	1
2020.02.27	1.08812	1.10066	1.08771	1.09998	76238	0	1
2020.02.28	1.09998	1.10531	1.09508	1.10293	97598	0	1
2020.03.02	1.10407	1.11845	1.10362	1.11332	86124	0	1
2020.03.03	1.11314	1.12130	1.10951	1.11710	80800	0	1
2020.03.04	1.11707	1.11875	1.10953	1.11336	63822	0	1
2020.03.05	1.11340	1.12447	1.11195	1.12371	60736	0	1
2020.03.06	1.12370	1.13546	1.12113	1.12901	94001	0	1
2020.03.09	1.13469	1.14964	1.13397	1.14358	187327	0	1
2020.03.10	1.14358	1.14574	1.12743	1.12905	190339	0	8
2020.03.11	1.12905	1.13662	1.12500	1.12607	129097	0	1
2020.03.12	1.12602	1.13332	1.10554	1.11667	172884	0	1
2020.03.13	1.11686	1.12211	1.10549	1.11025	168062	0	0
2020.03.16	1.11886	1.12364	1.10846	1.11777	205632	0	0
2020.03.17	1.11777	1.11890	1.09550	1.10052	177869	0	0
2020.03.18	1.10061	1.10450	1.08016	1.09116	201942	0	0
2020.03.19	1.09117	1.09817	1.06541	1.06589	219504	0	0
2020.03.20	1.06614	1.08309	1.06375	1.06935	244937	0	0
2020.03.23	1.06937	1.08274	1.06355	1.07257	220916	0	0
2020.03.24	1.07226	1.08880	1.07226	1.07825	171445	0	0
2020.03.25	1.07823	1.08939	1.07601	1.08796	168158	0	0
2020.03.26	1.08797	1.10586	1.08700	1.10291	149438	0	0
2020.03.27	1.10290	1.11470	1.09533	1.11431	139186	0	0
2020.03.30	1.11159	1.11439	1.10099	1.10427	109850	0	0
2020.03.31	1.10414	1.10537	1.09266	1.10349	132367	0	0
2020.04.01	1.10299	1.10390	1.09027	1.09616	102809	0	0
2020.04.02	1.09619	1.09678	1.08205	1.08568	104632	0	0
2020.04.03	1.08550	1.08641	1.07727	1.08127	93640	0	0
2020.04.06	1.08088	1.08354	1.07682	1.07920	94909	0	0
2020.04.07	1.07920	1.09259	1.07834	1.08904	89461	0	0
2020.04.08	1.08903	1.09020	1.08298	1.08565	78664	0	0
2020.04.09	1.08559	1.09515	1.08409	1.09285	82410	0	0
2020.04.10	1.09286	1.09522	1.09185	1.09347	45005	0	0
2020.04.13	1.09428	1.09676	1.08925	1.09120	88985	0	0
2020.04.14	1.09120	1.09870	1.08987	1.09798	113063	0	0
2020.04.15	1.09794	1.09907	1.08562	1.09066	100896	0	0
2020.04.16	1.09076	1.09111	1.08166	1.08386	123356	0	0
2020.04.17	1.08386	1.08925	1.08119	1.08739	124445	0	0
2020.04.20	1.08625	1.08965	1.08411	1.08607	92579	0	0
2020.04.21	1.08611	1.08801	1.08164	1.08564	107627	0	0
2020.04.22	1.08563	1.08851	1.08032	1.08229	82977	0	0
2020.04.23	1.08226	1.08466	1.07560	1.07760	123060	0	0
2020.04.24	1.07760	1.08257	1.07269	1.08244	100461	0	0
2020.04.27	1.08208	1.08602	1.08112	1.08280	95439	0	0
2020.04.28	1.08275	1.08883	1.08096	1.08182	77049	0	0
2020.04.29	1.08180	1.08855	1.08179	1.08728	74705	0	0
2020.04.30	1.08709	1.09724	1.08328	1.09507	84471	0	0
2020.05.01	1.09485	1.10180	1.09343	1.09802	55528	0	0
2020.05.04	1.09684	1.09743	1.08956	1.09065	54761	0	0
2020.05.05	1.09054	1.09257	1.08257	1.08390	58150	0	0
2020.05.06	1.08397	1.08454	1.07818	1.07929	54033	0	0
2020.05.07	1.07925	1.08339	1.07664	1.08319	60714	0	0
2020.05.08	1.08315	1.08755	1.08150	1.08386	48534	0	0
2020.05.11	1.08240	1.08503	1.08005	1.08060	49534	0	0
2020.05.12	1.08038	1.08852	1.07843	1.08469	54306	0	0
2020.05.13	1.08464	1.08963	1.08115	1.08173	58528	0	0
2020.05.14	1.08167	1.08238	1.07748	1.08042	53197	0	0
2020.05.15	1.08031	1.08505	1.07888	1.08187	50568	0	0
2020.05.18	1.08014	1.09269	1.07998	1.09139	48887	0	0
2020.05.19	1.09145	1.09759	1.09021	1.09217	51091	0	0
2020.05.20	1.09208	1.09989	1.09165	1.09767	46569	0	0
2020.05.21	1.09761	1.10082	1.09372	1.09476	46263	0	0
2020.05.22	1.09458	1.09536	1.08852	1.09022	42958	0	0
2020.05.25	1.08953	1.09144	1.08706	1.08956	26566	0	0
2020.05.26	1.08922	1.09958	1.08919	1.09818	46804	0	0
2020.05.27	1.09814	1.10306	1.09339	1.10026	71978	0	0
2020.05.28	1.09962	1.10934	1.09917	1.10757	64330	0	0
2020.05.29	1.10756	1.11450	1.10669	1.11076	76623	0	0
2020.06.01	1.11150	1.11536	1.11003	1.11343	61548	0	0
2020.06.02	1.11342	1.11957	1.11151	1.11685	69172	0	0
2020.06.03	1.11678	1.12576	1.11665	1.12333	77798	0	0
2020.06.04	1.12321	1.13621	1.11947	1.13365	81076	0	0
2020.06.05	1.13367	1.13837	1.12782	1.12874	79259	0	0
2020.06.08	1.12932	1.13195	1.12682	1.12932	63468	0	0
2020.06.09	1.12933	1.13635	1.12409	1.13389	71617	0	0
2020.06.10	1.13388	1.14222	1.13215	1.13723	78384	0	0
2020.06.11	1.13723	1.14035	1.12886	1.12981	101175	0	0
2020.06.12	1.12933	1.13402	1.12125	1.12604	94092	0	0
2020.06.15	1.12356	1.13323	1.12263	1.13222	90036	0	0
2020.06.16	1.13220	1.13531	1.12276	1.12633	81131	0	0
2020.06.17	1.12628	1.12939	1.12070	1.12426	76433	0	0
2020.06.18	1.12428	1.12612	1.11854	1.12049	72169	0	0
2020.06.19	1.12047	1.12542	1.11681	1.11765	67711	0	0
2020.06.22	1.11819	1.12697	1.11684	1.12593	56787	0	0
2020.06.23	1.12592	1.13483	1.12330	1.13074	72602	0	0
2020.06.24	1.13073	1.13257	1.12483	1.12503	60143	0	0
2020.06.25	1.12503	1.12595	1.11902	1.12170	54121	0	1
2020.06.26	1.12181	1.12391	1.11951	1.12179	40896	0	1
2020.06.29	1.12146	1.12876	1.12146	1.12410	42408	0	1
2020.06.30	1.12412	1.12616	1.11909	1.12336	48612	0	1
2020.07.01	1.12340	1.12749	1.11847	1.12507	45694	0	1
2020.07.02	1.12507	1.13025	1.12231	1.12388	45520	0	1
2020.07.03	1.12391	1.12524	1.12192	1.12482	39847	0	1
2020.07.06	1.12430	1.13455	1.12406	1.13085	43681	0	1
2020.07.07	1.13084	1.13323	1.12587	1.12727	46610	0	0
2020.07.08	1.12674	1.13515	1.12621	1.13292	46420	0	1
2020.07.09	1.13287	1.13706	1.12801	1.12846	53652	0	1
2020.07.10	1.12845	1.13247	1.12548	1.12965	43778	0	1
2020.07.13	1.13015	1.13748	1.13008	1.13435	45838	0	1
2020.07.14	1.13431	1.14085	1.13250	1.13993	53978	0	1
2020.07.15	1.13990	1.14518	1.13910	1.14114	46644	0	1
2020.07.16	1.14113	1.14419	1.13703	1.13834	47684	0	1
2020.07.17	1.13832	1.14437	1.13745	1.14258	36614	0	1
2020.07.20	1.14042	1.14676	1.14021	1.14472	46665	0	1
2020.07.21	1.14470	1.15396	1.14227	1.15265	50733	0	1
2020.07.22	1.15268	1.16009	1.15066	1.15695	57633	0	0
2020.07.23	1.15693	1.16266	1.15402	1.15959	54824	0	1
2020.07.24	1.15957	1.16576	1.15813	1.16549	53672	0	1
2020.07.27	1.16431	1.17811	1.16412	1.17510	59628	0	0
2020.07.28	1.17512	1.17735	1.16986	1.17150	59214	0	1
2020.07.29	1.17148	1.18059	1.17126	1.17906	57617	0	1
2020.07.30	1.17910	1.18480	1.17307	1.18467	62399	0	1
2020.07.31	1.18465	1.19086	1.17613	1.17713	75364	0	1
2020.08.03	1.17697	1.17966	1.16957	1.17617	57376	0	0
2020.08.04	1.17633	1.18060	1.17212	1.18028	55353	0	1
2020.08.05	1.18026	1.19047	1.17929	1.18629	54459	0	0
2020.08.06	1.18627	1.19160	1.18178	1.18762	64120	0	0
2020.08.07	1.18763	1.18827	1.17550	1.17854	61612	0	1
2020.08.10	1.17864	1.18006	1.17359	1.17371	42261	0	1
2020.08.11	1.17373	1.18074	1.17220	1.17395	59065	0	1
2020.08.12	1.17402	1.18165	1.17109	1.17835	58997	0	0
2020.08.13	1.17835	1.18640	1.17796	1.18131	52645	0	1
2020.08.14	1.18126	1.18503	1.17814	1.18413	42080	0	1
2020.08.17	1.18377	1.18810	1.18285	1.18698	39587	0	0
2020.08.18	1.18695	1.19656	1.18655	1.19306	50881	0	1
2020.08.19	1.19302	1.19526	1.18301	1.18385	55642	0	1
2020.08.20	1.18355	1.18685	1.18020	1.18599	57789	0	0
2020.08.21	1.18599	1.18827	1.17542	1.17964	52733	0	1
2020.08.24	1.17929	1.18496	1.17841	1.17873	42510	0	1
2020.08.25	1.17871	1.18436	1.17840	1.18343	47918	0	1
2020.08.26	1.18340	1.18391	1.17721	1.18298	44133	0	1
2020.08.27	1.18297	1.19013	1.17621	1.18217	66444	0	1
2020.08.28	1.18215	1.19196	1.18110	1.19055	62437	0	1
2020.08.31	1.19036	1.19660	1.18839	1.19361	50159	0	1
2020.09.01	1.19358	1.20108	1.19011	1.19113	58939	0	0
2020.09.02	1.19112	1.19285	1.18220	1.18547	53643	0	1
2020.09.03	1.18521	1.18645	1.17887	1.18512	57467	0	1
2020.09.04	1.18513	1.18652	1.17808	1.18394	58184	0	1
2020.09.07	1.18458	1.18485	1.18111	1.18136	31385	0	1
2020.09.08	1.18136	1.18273	1.17654	1.17739	56953	0	1
2020.09.09	1.17747	1.18337	1.17528	1.18027	50318	0	1
2020.09.10	1.18026	1.19174	1.17994	1.18146	60593	0	1
2020.09.11	1.18145	1.18739	1.18086	1.18459	46151	0	1
2020.09.14	1.18362	1.18880	1.18321	1.18643	37436	0	1
2020.09.15	1.18648	1.19004	1.18393	1.18462	38904	0	1
2020.09.16	1.18465	1.18826	1.17873	1.18155	53041	0	1
2020.09.17	1.18146	1.18523	1.17374	1.18476	58356	0	1
2020.09.18	1.18476	1.18703	1.18258	1.18413	45923	0	1
2020.09.21	1.18455	1.18717	1.17316	1.17707	54501	0	1
2020.09.22	1.17700	1.17735	1.16916	1.17077	54507	0	0
2020.09.23	1.17074	1.17189	1.16511	1.16595	53403	0	0
2020.09.24	1.16590	1.16868	1.16264	1.16708	53594	0	0
2020.09.25	1.16706	1.16849	1.16122	1.16296	46422	0	0
2020.09.28	1.16222	1.16799	1.16151	1.16650	39261	0	0
2020.09.29	1.16650	1.17455	1.16609	1.17426	42496	0	0
2020.09.30	1.17430	1.17547	1.16846	1.17210	57876	0	0
2020.10.01	1.17210	1.17694	1.17171	1.17465	57598	0	0
2020.10.02	1.17489	1.17489	1.16957	1.17165	65348	0	0
2020.10.05	1.17131	1.17974	1.17053	1.17825	41921	0	0
2020.10.06	1.17826	1.18076	1.17316	1.17334	50635	0	0
2020.10.07	1.17335	1.17818	1.17248	1.17628	46612	0	0
2020.10.08	1.17624	1.17816	1.17324	1.17582	39212	0	0
2020.10.09	1.17587	1.18304	1.17551	1.18293	40290	0	0
2020.10.12	1.18173	1.18265	1.17866	1.18120	34400	0	0
2020.10.13	1.18120	1.18155	1.17305	1.17446	40707	0	0
2020.10.14	1.17452	1.17712	1.17195	1.17452	41998	0	0
2020.10.15	1.17452	1.17576	1.16882	1.17073	46911	0	0
2020.10.16	1.17073	1.17460	1.16939	1.17160	41654	0	0
2020.10.19	1.17195	1.17936	1.17030	1.17695	38192	0	0
2020.10.20	1.17695	1.18407	1.17598	1.18211	38813	0	0
2020.10.21	1.18214	1.18806	1.18208	1.18598	47267	0	0
2020.10.22	1.18582	1.18667	1.18114	1.18177	41611	0	0
2020.10.23	1.18177	1.18646	1.17867	1.18598	41119	0	0
2020.10.26	1.18551	1.18554	1.18031	1.18087	41221	0	0
2020.10.27	1.18087	1.18387	1.17818	1.17870	37585	0	0
2020.10.28	1.17870	1.17879	1.17178	1.17451	48573	0	0
2020.10.29	1.17451	1.17586	1.16499	1.16740	50814	0	0
2020.10.30	1.16741	1.17040	1.16398	1.16462	50353	0	0
2020.11.02	1.16468	1.16556	1.16221	1.16404	42757	0	0
2020.11.03	1.16406	1.17396	1.16323	1.17150	38341	0	0
2020.11.04	1.17150	1.17704	1.16019	1.17244	91397	0	0
2020.11.05	1.17244	1.18598	1.17108	1.18267	85434	0	0
2020.11.06	1.18272	1.18909	1.17954	1.18746	80267	0	0
2020.11.09	1.18873	1.19200	1.17951	1.18127	102576	0	0
2020.11.10	1.18124	1.18432	1.17798	1.18136	88041	0	0
2020.11.11	1.18138	1.18328	1.17455	1.17771	53264	0	0
2020.11.12	1.17771	1.18231	1.17586	1.18048	57097	0	0
2020.11.13	1.18047	1.18372	1.17989	1.18326	45110	0	0
2020.11.16	1.18400	1.18688	1.18141	1.18516	57741	0	0
2020.11.17	1.18509	1.18939	1.18428	1.18605	43717	0	0
2020.11.18	1.18618	1.18910	1.18491	1.18526	49423	0	0
2020.11.19	1.18526	1.18825	1.18163	1.18745	53540	0	1
2020.11.20	1.18745	1.18909	1.18497	1.18587	44971	0	0
2020.11.23	1.18496	1.19061	1.18000	1.18399	49370	0	0
2020.11.24	1.18399	1.18959	1.18358	1.18904	49664	0	0
2020.11.25	1.18905	1.19298	1.18819	1.19157	56219	0	0
2020.11.26	1.19164	1.19409	1.18853	1.19127	34494	0	0
2020.11.27	1.19125	1.19630	1.19067	1.19593	38264	0	0
2020.11.30	1.19600	1.20034	1.19236	1.19256	57731	0	0
2020.12.01	1.19261	1.20766	1.19253	1.20692	58891	0	0
2020.12.02	1.20691	1.21184	1.20400	1.21136	69133	0	0
2020.12.03	1.21137	1.21746	1.21011	1.21469	74096	0	0
2020.12.04	1.21447	1.21773	1.21100	1.21201	76974	0	0
2020.12.07	1.21299	1.21664	1.20787	1.21091	77841	0	0
2020.12.08	1.21091	1.21340	1.20956	1.21022	71978	0	0
2020.12.09	1.21022	1.21474	1.20585	1.20802	72315	0	0
2020.12.10	1.20789	1.21588	1.20738	1.21398	85474	0	0
2020.12.11	1.21361	1.21628	1.21054	1.21125	71031	0	0
2020.12.14	1.21366	1.21766	1.21156	1.21432	65850	0	0
2020.12.15	1.21432	1.21687	1.21214	1.21505	65615	0	0
2020.12.16	1.21489	1.22124	1.21249	1.21984	76468	0	0
2020.12.17	1.21985	1.22729	1.21897	1.22684	65915	0	0
2020.12.18	1.22676	1.22719	1.22256	1.22542	58548	0	0
2020.12.21	1.22166	1.22528	1.21296	1.22424	103141	0	0
2020.12.22	1.22434	1.22573	1.21520	1.21616	79150	0	0
2020.12.23	1.21618	1.22212	1.21540	1.21860	79543	0	0
2020.12.24	1.21857	1.22157	1.21774	1.21808	47758	0	0
2020.12.28	1.21696	1.22506	1.21696	1.22160	65208	0	0
2020.12.29	1.22160	1.22749	1.22070	1.22482	56037	0	0
2020.12.30	1.22471	1.23099	1.22470	1.22961	66896	0	0
2020.12.31	1.22963	1.23093	1.22127	1.22155	58559	0	0
